customer_id,customer_name,region,segment,signup_date,email
C0001,Customer_1,West,Consumer,2024-01-30,cust1@example.com
C0002,Customer_2,East,Consumer,2024-01-25,cust2@example.com
C0003,Customer_3,West,SMB,2023-03-09,
C0004,Customer_4,West,Consumer,2022-08-27,cust4@example.com
C0005,Customer_5,West,SMB,2022-07-23,cust5@example.com
C0006,Customer_6,South,Consumer,2023-04-05,cust6@example.com
C0007,Customer_7,West,Consumer,2023-12-16,cust7@example.com
C0008,Customer_8,North,Consumer,2022-08-09,cust8@example.com
C0009,Customer_9,North,Consumer,2022-04-05,cust9@example.com
C0010,Customer_10,North,Corporate,2023-09-11,cust10@example.com
C0011,Customer_11,West,SMB,2023-04-16,cust11@example.com
C0012,Customer_12,South,Consumer,2023-07-20,cust12@example.com
C0013,Customer_13,North,SMB,2022-07-16,cust13@example.com
C0014,Customer_14,West,SMB,2022-08-22,cust14@example.com
C0015,Customer_15,West,Consumer,2024-06-06,cust15@example.com
C0016,Customer_16,North,Corporate,2023-10-13,cust16@example.com
C0017,Customer_17,East,Corporate,2022-12-30,cust17@example.com
C0018,Customer_18,North,SMB,2023-12-01,cust18@example.com
C0019,Customer_19,East,SMB,2024-01-17,cust19@example.com
C0020,Customer_20,South,Corporate,2022-10-04,cust20@example.com
C0021,Customer_21,East,SMB,2022-11-29,cust21@example.com
C0022,Customer_22,West,Consumer,2024-04-21,
C0023,Customer_23,North,Corporate,2022-10-02,cust23@example.com
C0024,Customer_24,North,Consumer,2023-11-03,cust24@example.com
C0025,Customer_25,South,Consumer,2022-09-29,cust25@example.com
C0026,Customer_26,North,SMB,2023-08-22,cust26@example.com
C0027,Customer_27,South,Corporate,2022-08-13,cust27@example.com
C0028,Customer_28,East,SMB,2023-05-21,cust28@example.com
C0029,Customer_29,West,Consumer,2022-06-06,cust29@example.com
C0030,Customer_30,South,SMB,2022-03-07,cust30@example.com
C0031,Customer_31,South,SMB,2022-09-15,cust31@example.com
C0032,Customer_32,West,SMB,2024-01-09,cust32@example.com
C0033,Customer_33,North,SMB,2022-12-15,cust33@example.com
C0034,Customer_34,South,Consumer,2023-04-10,
C0035,Customer_35,North,SMB,2024-02-20,cust35@example.com
C0036,Customer_36,West,SMB,2022-11-02,cust36@example.com
C0037,Customer_37,East,Consumer,2023-01-18,cust37@example.com
C0038,Customer_38,West,SMB,2022-11-28,cust38@example.com
C0039,Customer_39,West,Corporate,2024-06-18,cust39@example.com
C0040,Customer_40,North,Consumer,2022-03-01,cust40@example.com
C0041,Customer_41,West,Consumer,2024-01-20,cust41@example.com
C0042,Customer_42,West,SMB,2024-02-24,cust42@example.com
C0043,Customer_43,South,SMB,2022-06-19,cust43@example.com
C0044,Customer_44,South,Consumer,2023-07-07,cust44@example.com
C0045,Customer_45,East,SMB,2022-11-16,cust45@example.com
C0046,Customer_46,North,Corporate,2023-06-14,cust46@example.com
C0047,Customer_47,East,Consumer,2022-03-07,cust47@example.com
C0048,Customer_48,East,SMB,2022-08-14,
C0049,Customer_49,West,Consumer,2022-03-11,cust49@example.com
C0050,Customer_50,North,Consumer,2023-06-11,cust50@example.com
C0051,Customer_51,South,Consumer,2023-07-07,cust51@example.com
C0052,Customer_52,South,Consumer,2024-03-14,cust52@example.com
C0053,Customer_53,South,Consumer,2022-04-07,cust53@example.com
C0054,Customer_54,South,Corporate,2023-03-10,cust54@example.com
C0055,Customer_55,West,SMB,2023-11-01,cust55@example.com
C0056,Customer_56,West,Consumer,2023-02-17,cust56@example.com
C0057,Customer_57,West,Consumer,2022-07-16,cust57@example.com
C0058,Customer_58,South,Consumer,2023-03-09,cust58@example.com
C0059,Customer_59,South,Consumer,2024-06-14,cust59@example.com
C0060,Customer_60,South,SMB,2022-04-11,cust60@example.com
C0061,Customer_61,West,Consumer,2024-02-11,cust61@example.com
C0062,Customer_62,East,Corporate,2023-05-13,cust62@example.com
C0063,Customer_63,South,Consumer,2022-06-18,cust63@example.com
C0064,Customer_64,South,Corporate,2024-03-13,cust64@example.com
C0065,Customer_65,North,Corporate,2023-12-15,cust65@example.com
C0066,Customer_66,South,Consumer,2022-07-14,cust66@example.com
C0067,Customer_67,West,SMB,2024-01-24,cust67@example.com
C0068,Customer_68,North,Consumer,2022-02-21,cust68@example.com
C0069,Customer_69,East,Consumer,2023-06-05,cust69@example.com
C0070,Customer_70,East,Consumer,2023-09-02,cust70@example.com
C0071,Customer_71,East,Corporate,2022-05-03,cust71@example.com
C0072,Customer_72,East,SMB,2023-09-01,
C0073,Customer_73,West,Corporate,2023-11-05,cust73@example.com
C0074,Customer_74,North,Corporate,2022-07-29,cust74@example.com
C0075,Customer_75,North,Consumer,2022-09-29,cust75@example.com
C0076,Customer_76,North,Corporate,2022-11-20,cust76@example.com
C0077,Customer_77,West,Consumer,2023-04-15,cust77@example.com
C0078,Customer_78,West,Consumer,2023-07-05,cust78@example.com
C0079,Customer_79,North,Consumer,2022-12-24,cust79@example.com
C0080,Customer_80,East,Corporate,2022-10-19,cust80@example.com
C0081,Customer_81,North,SMB,2024-04-06,cust81@example.com
C0082,Customer_82,West,SMB,2024-04-16,cust82@example.com
C0083,Customer_83,West,Consumer,2022-09-28,cust83@example.com
C0084,Customer_84,West,SMB,2023-07-21,cust84@example.com
C0085,Customer_85,North,SMB,2022-08-04,cust85@example.com
C0086,Customer_86,East,SMB,2023-10-12,cust86@example.com
C0087,Customer_87,South,Corporate,2024-05-16,cust87@example.com
C0088,Customer_88,South,Corporate,2022-02-15,
C0089,Customer_89,East,SMB,2022-09-26,cust89@example.com
C0090,Customer_90,South,SMB,2023-12-24,cust90@example.com
C0091,Customer_91,West,Consumer,2022-03-19,cust91@example.com
C0092,Customer_92,East,SMB,2022-02-06,cust92@example.com
C0093,Customer_93,East,Corporate,2022-05-11,
C0094,Customer_94,North,Consumer,2023-01-02,cust94@example.com
C0095,Customer_95,East,SMB,2022-04-16,cust95@example.com
C0096,Customer_96,South,SMB,2024-02-07,cust96@example.com
C0097,Customer_97,East,Consumer,2024-03-30,cust97@example.com
C0098,Customer_98,South,Consumer,2022-07-03,cust98@example.com
C0099,Customer_99,North,Corporate,2024-04-01,cust99@example.com
C0100,Customer_100,East,Corporate,2022-06-13,cust100@example.com
C0101,Customer_101,West,Corporate,2024-06-12,
C0102,Customer_102,South,Consumer,2022-07-24,cust102@example.com
C0103,Customer_103,South,Corporate,2022-11-09,cust103@example.com
C0104,Customer_104,East,Consumer,2022-01-25,cust104@example.com
C0105,Customer_105,South,Corporate,2022-10-13,cust105@example.com
C0106,Customer_106,North,Corporate,2023-10-19,cust106@example.com
C0107,Customer_107,North,Consumer,2022-04-29,cust107@example.com
C0108,Customer_108,North,Consumer,2023-08-18,cust108@example.com
C0109,Customer_109,North,Consumer,2022-04-22,cust109@example.com
C0110,Customer_110,North,SMB,2024-03-16,cust110@example.com
C0111,Customer_111,West,Corporate,2023-08-14,cust111@example.com
C0112,Customer_112,West,SMB,2023-03-23,
C0113,Customer_113,East,Corporate,2023-03-18,cust113@example.com
C0114,Customer_114,North,SMB,2022-11-18,cust114@example.com
C0115,Customer_115,West,SMB,2022-11-04,cust115@example.com
C0116,Customer_116,South,Corporate,2023-02-17,cust116@example.com
C0117,Customer_117,East,Consumer,2023-03-07,cust117@example.com
C0118,Customer_118,South,SMB,2024-02-06,cust118@example.com
C0119,Customer_119,North,Corporate,2023-07-16,cust119@example.com
C0120,Customer_120,North,Corporate,2022-08-04,cust120@example.com
C0121,Customer_121,North,Corporate,2023-03-29,cust121@example.com
C0122,Customer_122,East,SMB,2023-04-30,cust122@example.com
C0123,Customer_123,East,SMB,2022-03-28,cust123@example.com
C0124,Customer_124,North,Consumer,2024-04-18,cust124@example.com
C0125,Customer_125,East,SMB,2022-11-14,cust125@example.com
C0126,Customer_126,East,Consumer,2022-01-26,
C0127,Customer_127,South,SMB,2024-05-20,cust127@example.com
C0128,Customer_128,South,Corporate,2023-10-07,cust128@example.com
C0129,Customer_129,South,Corporate,2023-02-14,cust129@example.com
C0130,Customer_130,West,Consumer,2024-03-08,cust130@example.com
C0131,Customer_131,East,SMB,2023-06-15,cust131@example.com
C0132,Customer_132,East,Consumer,2023-04-13,cust132@example.com
C0133,Customer_133,South,SMB,2023-06-28,cust133@example.com
C0134,Customer_134,North,Corporate,2023-09-20,cust134@example.com
C0135,Customer_135,South,SMB,2023-04-02,cust135@example.com
C0136,Customer_136,South,Corporate,2022-09-23,cust136@example.com
C0137,Customer_137,North,SMB,2023-05-12,cust137@example.com
C0138,Customer_138,North,Corporate,2022-03-21,cust138@example.com
C0139,Customer_139,East,Corporate,2022-12-10,cust139@example.com
C0140,Customer_140,West,Consumer,2022-06-04,cust140@example.com
C0141,Customer_141,East,SMB,2022-08-08,cust141@example.com
C0142,Customer_142,South,Corporate,2023-07-10,cust142@example.com
C0143,Customer_143,West,Consumer,2024-05-02,cust143@example.com
C0144,Customer_144,West,SMB,2023-01-25,cust144@example.com
C0145,Customer_145,North,Corporate,2024-02-11,cust145@example.com
C0146,Customer_146,South,SMB,2024-02-05,cust146@example.com
C0147,Customer_147,East,Corporate,2022-08-13,cust147@example.com
C0148,Customer_148,South,Consumer,2023-02-03,cust148@example.com
C0149,Customer_149,South,SMB,2022-06-19,cust149@example.com
C0150,Customer_150,East,SMB,2023-07-01,
C0151,Customer_151,South,SMB,2023-08-01,cust151@example.com
C0152,Customer_152,West,SMB,2023-03-15,cust152@example.com
C0153,Customer_153,South,Consumer,2022-02-21,cust153@example.com
C0154,Customer_154,North,Consumer,2023-04-11,cust154@example.com
C0155,Customer_155,South,Corporate,2024-02-10,cust155@example.com
C0156,Customer_156,South,Corporate,2024-05-04,cust156@example.com
C0157,Customer_157,West,SMB,2023-07-07,cust157@example.com
C0158,Customer_158,North,Consumer,2023-10-28,cust158@example.com
C0159,Customer_159,West,Consumer,2022-09-11,cust159@example.com
C0160,Customer_160,West,SMB,2022-06-06,cust160@example.com
C0161,Customer_161,South,SMB,2022-04-28,cust161@example.com
C0162,Customer_162,East,Corporate,2023-12-18,cust162@example.com
C0163,Customer_163,North,Consumer,2023-09-13,cust163@example.com
C0164,Customer_164,West,Consumer,2022-11-15,cust164@example.com
C0165,Customer_165,West,Corporate,2023-08-13,cust165@example.com
C0166,Customer_166,South,Corporate,2024-01-03,cust166@example.com
C0167,Customer_167,East,Consumer,2023-12-15,cust167@example.com
C0168,Customer_168,West,SMB,2024-03-12,
C0169,Customer_169,South,SMB,2023-01-15,cust169@example.com
C0170,Customer_170,North,Consumer,2024-05-19,cust170@example.com
C0171,Customer_171,South,Consumer,2023-03-20,cust171@example.com
C0172,Customer_172,South,SMB,2022-06-06,cust172@example.com
C0173,Customer_173,North,SMB,2024-04-07,cust173@example.com
C0174,Customer_174,South,Corporate,2023-03-23,cust174@example.com
C0175,Customer_175,North,Corporate,2024-05-22,cust175@example.com
C0176,Customer_176,West,Corporate,2023-04-07,cust176@example.com
C0177,Customer_177,South,SMB,2023-09-17,cust177@example.com
C0178,Customer_178,North,Consumer,2023-05-22,cust178@example.com
C0179,Customer_179,East,Corporate,2022-08-06,cust179@example.com
C0180,Customer_180,North,Corporate,2022-10-14,cust180@example.com
C0181,Customer_181,North,SMB,2022-01-11,cust181@example.com
C0182,Customer_182,East,Consumer,2022-09-05,cust182@example.com
C0183,Customer_183,South,SMB,2024-02-16,cust183@example.com
C0184,Customer_184,South,SMB,2023-12-30,cust184@example.com
C0185,Customer_185,West,Consumer,2022-10-29,cust185@example.com
C0186,Customer_186,East,Corporate,2023-11-11,cust186@example.com
C0187,Customer_187,South,SMB,2023-06-28,cust187@example.com
C0188,Customer_188,North,Corporate,2023-12-21,cust188@example.com
C0189,Customer_189,North,Corporate,2022-08-25,cust189@example.com
C0190,Customer_190,East,Corporate,2022-05-03,cust190@example.com
C0191,Customer_191,East,Consumer,2022-08-10,cust191@example.com
C0192,Customer_192,North,SMB,2023-08-27,cust192@example.com
C0193,Customer_193,North,Consumer,2024-05-02,cust193@example.com
C0194,Customer_194,East,Corporate,2022-07-03,cust194@example.com
C0195,Customer_195,East,Corporate,2022-02-16,cust195@example.com
C0196,Customer_196,North,SMB,2022-05-10,cust196@example.com
C0197,Customer_197,South,Consumer,2024-06-12,
C0198,Customer_198,North,Corporate,2023-05-06,cust198@example.com
C0199,Customer_199,East,Consumer,2022-09-16,cust199@example.com
C0200,Customer_200,South,Consumer,2024-04-21,cust200@example.com
